Page,Title,Price,Sold Date,Link,Image Link
1,Apple iPhone 14 256GB Unlocked - Excellent,$365.95,"Sold  Oct 21, 2025",https://www.ebay.com/itm/387044697741,https://i.ebayimg.com/images/g/7lIAAOSwy4dkW9k4/s-l500.webp
1,Apple iPhone 12 Pro Max 128GB Unlocked AT&T T-Mobile Verizon Very Good Condition,$326.95,"Sold  Oct 21, 2025",https://www.ebay.com/itm/294538089223,https://i.ebayimg.com/images/g/aTUAAOSw5OJlDbv4/s-l500.webp
1,Apple iPhone 12 Pro Max 256GB Unlocked AT&T T-Mobile Verizon Very Good Condition,$349.95,"Sold  Oct 21, 2025",https://www.ebay.com/itm/304392871216,https://i.ebayimg.com/images/g/pi0AAOSwKM1lDb0O/s-l500.webp
1,"Apple iPhone 13 Pro Max, 128/256/512GB/ 1TB, Unlocked -  Refurbished Excellent",$444.99,"Sold  Oct 20, 2025",https://www.ebay.com/itm/326721891882,https://i.ebayimg.com/images/g/gVkAAOSw2VdkCd4I/s-l500.webp
1,Apple iPhone 14 128GB Unlocked - Excellent,$327.95,"Sold  Oct 20, 2025",https://www.ebay.com/itm/364506177072,https://i.ebayimg.com/images/g/7lIAAOSwy4dkW9k4/s-l500.webp
1,Apple iPhone 14 Pro 256GB Unlocked - Excellent,$506.95,"Sold  Oct 20, 2025",https://www.ebay.com/itm/404931125190,https://i.ebayimg.com/images/g/ss0AAOSwoZVkXRSV/s-l500.webp
1,"Apple iPhone 12 Pro Max, 128/256/512GB - Unlocked - Refurbished Excellent",$359.99,"Sold  Oct 20, 2025",https://www.ebay.com/itm/326721920526,https://i.ebayimg.com/images/g/VHAAAOSwgBxkCfYf/s-l500.webp
1,Apple iPhone 12 Pro Max  128GB - Fully Unlocked - EXCELLENT Condition!!!,$354.99,"Sold  Oct 20, 2025",https://www.ebay.com/itm/225966696293,https://i.ebayimg.com/images/g/NaMAAOSwaSFlezVR/s-l500.webp
1,Apple iPhone 14 128GB Unlocked - Very Good,$313.95,"Sold  Oct 20, 2025",https://www.ebay.com/itm/386156949904,https://i.ebayimg.com/images/g/7lIAAOSwy4dkW9k4/s-l500.webp
1,Apple iPhone 12 Pro Max 128GB -Fully Unlocked - VERY GOOD Condition Unlocked,$344.99,"Sold  Oct 20, 2025",https://www.ebay.com/itm/225916599340,https://i.ebayimg.com/images/g/NaMAAOSwaSFlezVR/s-l500.webp
1,"Apple iPhone 12 Pro, 128/256/512GB - Fully Unlocked - Refurbished Excellent",$304.99,"Sold  Oct 20, 2025",https://www.ebay.com/itm/326721928692,https://i.ebayimg.com/images/g/HlMAAOSwjzhkCfsi/s-l500.webp
1,Apple iPhone 12 Pro Max Graphite 128GB Very Good - Refurbished  - Unlocked,$325.99,"Sold  Oct 20, 2025",https://www.ebay.com/itm/127195090848,https://i.ebayimg.com/images/g/z5QAAeSwp~xo9uxg/s-l500.webp
1,Apple iPhone 14 Plus 128GB Unlocked - Excellent,$356.95,"Sold  Oct 20, 2025",https://www.ebay.com/itm/365471995958,https://i.ebayimg.com/images/g/hw8AAOSwfJRkW-wZ/s-l500.webp
1,Apple iPhone 12 Pro Max Graphite 256GB Very Good - Refurbished  - Unlocked,$379.99,"Sold  Sep 2, 2025",https://www.ebay.com/itm/127195090884,https://i.ebayimg.com/images/g/V24AAeSw0XZosc70/s-l500.webp
1,Apple iPhone 12 Pro Max Unlocked (Any Carrier) SmartPhone 128GB 256GB 512GB Good,$359.99,"Sold  Oct 20, 2025",https://www.ebay.com/itm/235359860424,https://i.ebayimg.com/images/g/v~QAAOSwR7VhKb-c/s-l500.webp
1,Apple  iPhone 12 Pro Max 5G 128GB Factory Unlocked CDMA + GSM - EXCELLENT,$349.48,"Sold  Oct 20, 2025",https://www.ebay.com/itm/126285256277,https://i.ebayimg.com/images/g/uAkAAOSwDtFlx-LU/s-l500.webp
1,"Apple iPhone 12 Pro, 128/256/512GB - Fully Unlocked - Refurbished B Grade",$284.99,"Sold  Oct 20, 2025",https://www.ebay.com/itm/226908730618,https://i.ebayimg.com/images/g/HlMAAOSwjzhkCfsi/s-l500.webp
1,Apple iPhone 14 Plus 256GB Unlocked - Excellent,$389.95,"Sold  Oct 20, 2025",https://www.ebay.com/itm/388300194729,https://i.ebayimg.com/images/g/hw8AAOSwfJRkW-wZ/s-l500.webp
1,Apple iPhone 12 Pro Max 128GB Unlocked AT&T T-Mobile Verizon Good Condition,$316.95,"Sold  Oct 20, 2025",https://www.ebay.com/itm/304393205273,https://i.ebayimg.com/images/g/kwkAAOSwGmVl6zmK/s-l500.webp
1,Apple iPhone 12 Pro Max - 256 GB - Graphite (Unlocked),$369.00,"Sold  Oct 20, 2025",https://www.ebay.com/itm/187429344012,https://i.ebayimg.com/images/g/ovMAAeSw6ppofhRk/s-l500.webp
1,Apple iPhone 12 Pro Max 256GB Unlocked Very Good Condition,$360.64,"Sold  Oct 20, 2025",https://www.ebay.com/itm/354393080164,https://i.ebayimg.com/images/g/JGoAAOSwlBJjcnuS/s-l500.webp
1,"Apple iPhone 12 Pro Max, 128/256/512GB - Unlocked - Refurbished B Grade",$334.99,"Sold  Oct 20, 2025",https://www.ebay.com/itm/236252784220,https://i.ebayimg.com/images/g/VHAAAOSwgBxkCfYf/s-l500.webp
1,Apple iPhone 14 Pro 512GB Unlocked - Excellent,$534.95,"Sold  Oct 20, 2025",https://www.ebay.com/itm/405264614946,https://i.ebayimg.com/images/g/ss0AAOSwoZVkXRSV/s-l500.webp
1,"Apple iPhone 13 Pro, 128-256-512GB-1TB Unlocked - Refurbished B Grade",$374.99,"Sold  Oct 20, 2025",https://www.ebay.com/itm/226908680749,https://i.ebayimg.com/images/g/vnMAAOSwaMZkCeUu/s-l500.webp
1,Apple iPhone 12 Pro Max A2342 256GB Unlocked Very Good Condition,$331.09,"Sold  Oct 20, 2025",https://www.ebay.com/itm/354593770310,https://i.ebayimg.com/images/g/UkkAAOSwWmdjcpY4/s-l500.webp
1,Apple iPhone 12 Pro Max - 128GB 256GB 512GB - All Colors - Very Good Condition,$349.00,"Sold  Oct 19, 2025",https://www.ebay.com/itm/284798091064,https://i.ebayimg.com/images/g/8l0AAOSwvPxiawq7/s-l500.webp
1,Apple iPhone 12 Pro Max 512GB Unlocked AT&T T-Mobile Verizon Very Good Condition,$362.95,"Sold  Oct 19, 2025",https://www.ebay.com/itm/304186780899,https://i.ebayimg.com/images/g/WO8AAOSwGRdlDbu6/s-l500.webp
1,Apple iPhone 14 Pro Max 256GB Unlocked - Excellent,$569.95,"Sold  Oct 19, 2025",https://www.ebay.com/itm/386938357149,https://i.ebayimg.com/images/g/oSkAAOSwy4dkXPnn/s-l500.webp
1,"Apple iPhone 12 Pro Max 6.7"" Unlocked 256GB - (Pacific Blue) A2342 w/Warranty",$354.47,"Sold  Oct 19, 2025",https://www.ebay.com/itm/376479817390,https://i.ebayimg.com/images/g/84EAAeSwYWRonQSP/s-l500.webp
1,Apple iPhone 13 Pro Max - 1TB - Silver (Unlocked) - Very Good Condition,$549.99,"Sold  Apr 13, 2025",https://www.ebay.com/itm/306189347385,https://i.ebayimg.com/images/g/wykAAOSwEaZnh75w/s-l500.webp
1,Apple iPhone 12 Pro Max 512GB Unlocked AT&T T-Mobile Verizon Excellent Condition,$385.95,"Sold  Oct 19, 2025",https://www.ebay.com/itm/294593510471,https://i.ebayimg.com/images/g/EG4AAOSwgudlDbxi/s-l500.webp
1,Apple iPhone 12 Pro Max - 128GB 256GB 512GB - All Colors - Good Condition,$329.00,"Sold  Oct 19, 2025",https://www.ebay.com/itm/285849824076,https://i.ebayimg.com/images/g/9e0AAOSwUxBmO5L7/s-l500.webp
1,Apple iPhone 14 Pro Max 512GB Unlocked - Excellent,$609.95,"Sold  Oct 18, 2025",https://www.ebay.com/itm/387022871966,https://i.ebayimg.com/images/g/oSkAAOSwy4dkXPnn/s-l500.webp
1,Apple iPhone 14 (5G) 512GB | 256GB | 128GB | GSM+CDMA Factory Unlocked Excellent,$334.88,"Sold  Oct 18, 2025",https://www.ebay.com/itm/297018451302,https://i.ebayimg.com/images/g/NNIAAOSwt9dnr41E/s-l500.webp
1,Apple iPhone 14 Pro Max 1TB Unlocked - Excellent,$655.95,"Sold  Oct 18, 2025",https://www.ebay.com/itm/364884552814,https://i.ebayimg.com/images/g/VpAAAOSwq1pkW5r7/s-l500.webp
1,Apple  iPhone 13 Pro Max 5G 128GB Factory Unlocked CDMA + GSM - EXCELLENT,$439.48,"Sold  Oct 18, 2025",https://www.ebay.com/itm/135737955732,https://i.ebayimg.com/images/g/RSAAAOSwvC1m5cBY/s-l500.webp
1,Apple iPhone 11 Pro Max 64GB Unlocked AT&T T-Mobile Verizon Excellent Condition,$237.95,"Sold  Oct 18, 2025",https://www.ebay.com/itm/294400686630,https://i.ebayimg.com/images/g/h58AAOSwfz9k5ii2/s-l500.webp
1,Apple iPhone 14 Plus 256GB Unlocked - Very Good,$370.95,"Sold  Oct 18, 2025",https://www.ebay.com/itm/365346909067,https://i.ebayimg.com/images/g/hw8AAOSwfJRkW-wZ/s-l500.webp
1,Apple iPhone 12 | 12 Pro | 12 Pro Max | 12 mini - Unlocked AT&T T-Mobile Verizon,$199.95,"Sold  Oct 17, 2025",https://www.ebay.com/itm/277322363828,https://i.ebayimg.com/images/g/5usAAeSwLbBom42E/s-l500.webp
1,"Apple iPhone 13 Pro, 128-256-512GB-1TB Unlocked- Refurbished Excellent",$404.99,"Sold  Oct 17, 2025",https://www.ebay.com/itm/326721900007,https://i.ebayimg.com/images/g/vnMAAOSwaMZkCeUu/s-l500.webp
1,Apple iPhone 12 Pro Max 256GB Unlocked AT&T T-Mobile Verizon Excellent Condition,$372.95,"Sold  Oct 17, 2025",https://www.ebay.com/itm/304293162426,https://i.ebayimg.com/images/g/09IAAOSw7mNlDbzE/s-l500.webp
1,Apple iPhone 12 Pro Max 128GB Unlocked Good Condition - All Colors,$359.99,"Sold  Oct 17, 2025",https://www.ebay.com/itm/296097588269,https://i.ebayimg.com/images/g/AA8AAOSwUS1lczFB/s-l500.webp
1,Apple iPhone 12 Pro Max 128GB Unlocked AT&T T-Mobile Verizon Excellent Condition,$354.95,"Sold  Oct 17, 2025",https://www.ebay.com/itm/304231899441,https://i.ebayimg.com/images/g/RfEAAOSwsZZlDbw7/s-l500.webp
1,"Apple iPhone 12 Pro Max 6.7"" Unlocked 512GB - (Pacific Blue) A2342 w/Warranty",$339.00,"Sold  Oct 17, 2025",https://www.ebay.com/itm/146593532280,https://i.ebayimg.com/images/g/nJcAAOSwsZ9oK2z1/s-l500.webp
1,Apple iPhone 12 Pro Max Blue 128GB Very Good - Refurbished  - Unlocked,$325.99,"Sold  Oct 16, 2025",https://www.ebay.com/itm/127314773023,https://i.ebayimg.com/images/g/aXMAAeSwCfNo9zKx/s-l500.webp
1,Apple iPhone 12 Pro Max 256GB Unlocked AT&T T-Mobile Verizon Good Condition,$335.95,"Sold  Oct 16, 2025",https://www.ebay.com/itm/294574516077,https://i.ebayimg.com/images/g/lxIAAOSwF3dlDbxI/s-l500.webp
1,"2020 Apple iPhone 12 Pro Max 512GB Unlocked 6.7"" - (Silver) A2342 w/Warranty",$364.00,"Sold  Oct 16, 2025",https://www.ebay.com/itm/376174883869,https://i.ebayimg.com/images/g/VlQAAOSwrRloACcO/s-l500.webp
1,Apple iPhone 13 Pro Max 128/256/512GB/1TB - Fully Unlocked - Refurbished B Grade,$419.99,"Sold  Oct 16, 2025",https://www.ebay.com/itm/226908678837,https://i.ebayimg.com/images/g/gVkAAOSw2VdkCd4I/s-l500.webp
1,"2020 Apple iPhone 12 Pro Max 128GB Unlocked 6.7"" - (Graphite) A2342 w/Warranty",$332.00,"Sold  Oct 16, 2025",https://www.ebay.com/itm/356455142105,https://i.ebayimg.com/images/g/YLMAAOSw~mBngW44/s-l500.webp
1,Apple iPhone 12 PRO MAX 128/256/512GB NETWORK UNLOCKED SMARTPHONES - GOOD,$388.60,"Sold  Oct 15, 2025",https://www.ebay.com/itm/387748096211,https://i.ebayimg.com/images/g/eEkAAOSwIqNnZX-K/s-l500.webp
1,Apple iPhone 12 Pro Max Blue 256 Very Good - Refurbished  - Unlocked,$356.99,"Sold  Oct 15, 2025",https://www.ebay.com/itm/127407283277,https://i.ebayimg.com/images/g/wz0AAeSwTjZo8H2c/s-l500.webp
1,"Apple iPhone 12 Pro Max 256GB Unlocked 6.7"" - (Graphite) A2342 w/1 Year Warranty",$335.00,"Sold  Oct 15, 2025",https://www.ebay.com/itm/376268202770,https://i.ebayimg.com/images/g/pGAAAOSw-f5oLlBm/s-l500.webp
1,Apple iPhone 12 Pro Max Gold 128 Very Good - Refurbished  - Unlocked,$325.99,"Sold  Oct 15, 2025",https://www.ebay.com/itm/127187182966,https://i.ebayimg.com/images/g/em8AAeSwWwFo8GSw/s-l500.webp
1,Apple iPhone 14 Plus 128GB Unlocked - Very Good,$342.95,"Sold  Oct 15, 2025",https://www.ebay.com/itm/365472023806,https://i.ebayimg.com/images/g/hw8AAOSwfJRkW-wZ/s-l500.webp
1,Apple iPhone 14 Pro Max 128GB Unlocked - Very Good,$518.95,"Sold  Oct 15, 2025",https://www.ebay.com/itm/364631288081,https://i.ebayimg.com/images/g/VpAAAOSwq1pkW5r7/s-l500.webp
1,Apple iPhone 14 - 128GB -  (Unlocked) A2649 (CDMA & GSM) All Colors ~ Excellent!,$330.00,"Sold  Oct 15, 2025",https://www.ebay.com/itm/227021926151,https://i.ebayimg.com/images/g/dL8AAOSwOZ9nvKPV/s-l500.webp
1,Apple iPhone 14 Pro Max 512GB Unlocked - Very Good,$590.95,"Sold  Oct 15, 2025",https://www.ebay.com/itm/364849183656,https://i.ebayimg.com/images/g/oSkAAOSwy4dkXPnn/s-l500.webp
1,Apple iPhone 12 Pro Max 128GB Unlocked Very Good Condition - All Colors,$369.99,"Sold  Oct 15, 2025",https://www.ebay.com/itm/276217818724,https://i.ebayimg.com/images/g/wQQAAOSwKOxlczEI/s-l500.webp
1,Apple iPhone 12 Pro Max 512GB Fully Unlocked - Excellent,$409.99,"Sold  Oct 15, 2025",https://www.ebay.com/itm/326620930364,https://i.ebayimg.com/images/g/sogAAOSwZx5oQgDs/s-l500.webp
1,Apple iPhone 12 Pro Max A2342 128GB Unlocked Good Condition,$339.55,"Sold  Oct 15, 2025",https://www.ebay.com/itm/354593664182,https://i.ebayimg.com/images/g/uQoAAOSw7qRjcm-f/s-l500.webp
1,Apple iPhone 12 Pro Max Unlocked 128GB 256GB 512GB Good Condition iOS Smartphone,$328.41,"Sold  Sep 6, 2025",https://www.ebay.com/itm/267356424161,https://i.ebayimg.com/images/g/2IMAAeSwu1NolHzk/s-l500.webp
1,Apple iPhone 12 Pro Max A2342 128GB Unlocked Very Good Condition,$421.50,"Sold  Oct 14, 2025",https://www.ebay.com/itm/356866255486,https://i.ebayimg.com/images/g/844AAeSwVoZoGiaI/s-l500.webp
1,Apple iPhone 12 Pro Max 512GB Unlocked AT&T T-Mobile Verizon Good Condition,$334.95,"Sold  Oct 14, 2025",https://www.ebay.com/itm/304359048103,https://i.ebayimg.com/images/g/hXYAAOSw2ntl4eWi/s-l500.webp
1,Apple iPhone 12 Pro Max A2342 Unlocked 128GB Silver Good,$344.99,"Sold  Oct 14, 2025",https://www.ebay.com/itm/186584582255,https://i.ebayimg.com/images/g/1QQAAOSwK0lmnujn/s-l500.webp
1,Apple iPhone 12 Pro Max Graphite 128GB Excellent - Refurbished  - Unlocked,$345.99,"Sold  Oct 13, 2025",https://www.ebay.com/itm/127430195321,https://i.ebayimg.com/images/g/gZoAAeSwIcxo7aV6/s-l500.webp
1,Apple iPhone 11 Pro Max 64GB Unlocked AT&T T-Mobile Verizon Good Condition,$213.95,"Sold  Oct 13, 2025",https://www.ebay.com/itm/304100393483,https://i.ebayimg.com/images/g/tecAAOSwInVk5igG/s-l500.webp
1,Apple iPhone 12 Pro Max 512GB Unlocked - Excellent,$464.95,"Sold  Mar 31, 2025",https://www.ebay.com/itm/364528200333,https://i.ebayimg.com/images/g/ngcAAOSwy9RhkpBT/s-l500.webp
1,Apple iPhone 12 Pro Max 128GB 256GB 512GB Unlocked All Colors - Fair,$349.99,"Sold  Oct 13, 2025",https://www.ebay.com/itm/146737864348,https://i.ebayimg.com/images/g/1yoAAeSwjURoiF7G/s-l500.webp
1,Apple iPhone 14 Pro 128GB Unlocked - Excellent,$459.95,"Sold  Oct 12, 2025",https://www.ebay.com/itm/405469724990,https://i.ebayimg.com/images/g/ss0AAOSwoZVkXRSV/s-l500.webp
1,Apple iPhone 14 Pro Max 128GB Unlocked - Excellent,$537.95,"Sold  Oct 12, 2025",https://www.ebay.com/itm/364894562716,https://i.ebayimg.com/images/g/VpAAAOSwq1pkW5r7/s-l500.webp
1,Apple iPhone 14 256GB Unlocked - Very Good,$351.95,"Sold  Oct 12, 2025",https://www.ebay.com/itm/365346923529,https://i.ebayimg.com/images/g/7lIAAOSwy4dkW9k4/s-l500.webp
1,Apple iPhone 14 - 128GB -  (Unlocked) A2649 (CDMA & GSM) All Colors ~ Excellent!,$354.99,"Sold  Aug 20, 2025",https://www.ebay.com/itm/326459594461,https://i.ebayimg.com/images/g/dL8AAOSwOZ9nvKPV/s-l500.webp
1,Apple iPhone 12 Pro Max 512GB Unlocked AT&T T-Mobile Verizon Good Condition,$389.00,"Sold  Mar 18, 2025",https://www.ebay.com/itm/187036726475,https://i.ebayimg.com/images/g/uaAAAOSwN7dm61NY/s-l500.webp
1,Apple iPhone 12 Pro Max 128GB - Fully Unlocked - GOOD Condition,$337.99,"Sold  Oct 11, 2025",https://www.ebay.com/itm/325928615902,https://i.ebayimg.com/images/g/NaMAAOSwaSFlezVR/s-l500.webp
1,Apple iPhone 14 128GB Verizon - Very Good,$313.95,"Sold  Oct 11, 2025",https://www.ebay.com/itm/405418538143,https://i.ebayimg.com/images/g/7lIAAOSwy4dkW9k4/s-l500.webp
1,Apple iPhone 12 Pro Max 128GB 256GB 512GB Unlocked Smartphone - All Colors,$329.99,"Sold  Oct 11, 2025",https://www.ebay.com/itm/156815514930,https://i.ebayimg.com/images/g/SVUAAOSwLOdnxdzq/s-l500.webp
1,Apple iPhone 13 Pro Max - 256GB - Gold (Unlocked) - Good Condition,$479.99,"Sold  Oct 10, 2025",https://www.ebay.com/itm/306536687005,https://i.ebayimg.com/images/g/RDcAAeSwzwxo27p1/s-l500.webp
1,Apple iPhone 13 Pro Max - 256GB - Graphite (Unlocked) - Good Condition,$469.99,"Sold  Oct 10, 2025",https://www.ebay.com/itm/306526884709,https://i.ebayimg.com/images/g/kHEAAeSweONo1pAS/s-l500.webp
1,Apple iPhone 12 Pro Max 6.7'' Unlocked- Fair(Refurbish-New Battery-No Face ID),$299.99,"Sold  Oct 10, 2025",https://www.ebay.com/itm/146828998758,https://i.ebayimg.com/images/g/6RYAAeSwcHFoxKct/s-l500.webp
1,Apple iPhone 12 Pro Max 256GB Unlocked Excellent Condition - All Colors,$439.99,"Sold  Oct 10, 2025",https://www.ebay.com/itm/285598070892,https://i.ebayimg.com/images/g/aywAAOSwqwVlczD3/s-l500.webp
1,Apple iPhone 12 Pro Max 128GB Graphite Unlocked Excellent - 90%+ Battery,$529.99,"Sold  Mar 1, 2025",https://www.ebay.com/itm/296937143880,https://i.ebayimg.com/images/g/ABwAAOSwbxBnPijw/s-l500.webp
1,Apple iPhone 12 Pro Max  512GB Fully Unlocked - Very Good Condition,$382.99,"Sold  Oct 10, 2025",https://www.ebay.com/itm/226896663492,https://i.ebayimg.com/images/g/q-4AAeSwH7Boi8DP/s-l500.webp
1,Apple iPhone 12 Pro Max 256GB Unlocked - Good,$349.99,"Sold  Oct 10, 2025",https://www.ebay.com/itm/256297874441,https://i.ebayimg.com/images/g/Ag0AAeSwPp9oseXx/s-l500.webp
1,Apple iPhone 12 Pro Max 256GB Unlocked Very Good Condition - All Colors,$389.99,"Sold  Oct 10, 2025",https://www.ebay.com/itm/285598070672,https://i.ebayimg.com/images/g/5ycAAOSwvfhlczEk/s-l500.webp
1,2020 Apple iPhone 12 Pro Max 512GB Unlocked 90%+ Battery (Graphite) w/Warranty,$389.40,"Sold  Oct 9, 2025",https://www.ebay.com/itm/357683197865,https://i.ebayimg.com/images/g/QyMAAeSwQ~Fo2sqL/s-l500.webp
1,Apple iPhone 14 Pro Max 128GB Unlocked - Good,$499.95,"Sold  Oct 9, 2025",https://www.ebay.com/itm/364812857857,https://i.ebayimg.com/images/g/VpAAAOSwq1pkW5r7/s-l500.webp
1,Apple iPhone 12 Pro Max 512GB|256GB|128GB| GSM+CDMA Factory Unlocked - Very GOOD,$339.88,"Sold  Oct 9, 2025",https://www.ebay.com/itm/363915879540,https://i.ebayimg.com/images/g/U68AAOSw5PVi2HAN/s-l500.webp
1,Apple  iPhone 14 Pro Max 5G 512GB Factory Unlocked CDMA + GSM - EXCELLENT,$639.48,"Sold  Oct 8, 2025",https://www.ebay.com/itm/135625659254,https://i.ebayimg.com/images/g/tR8AAOSw7l5n1bGn/s-l500.webp
1,Apple iPhone 12 Pro Max 128GB Unlocked Excellent Condition - All Colors,$399.99,"Sold  Oct 8, 2025",https://www.ebay.com/itm/296097587966,https://i.ebayimg.com/images/g/UXkAAOSwWRdlczDo/s-l500.webp
1,Apple iPhone 14 Pro 1TB Unlocked - Excellent,$562.95,"Sold  Oct 8, 2025",https://www.ebay.com/itm/388415565318,https://i.ebayimg.com/images/g/ss0AAOSwoZVkXRSV/s-l500.webp
1,Apple iPhone 12 Pro Max 512GB Fully Unlocked - Good,$345.99,"Sold  Oct 7, 2025",https://www.ebay.com/itm/326655184393,https://i.ebayimg.com/images/g/sogAAOSwZx5oQgDs/s-l500.webp
1,Apple iPhone 12 Pro Max Blue 128GB Excellent - Refurbished  - Unlocked,$384.99,"Sold  Sep 7, 2025",https://www.ebay.com/itm/127354626874,https://i.ebayimg.com/images/g/dQsAAeSwY91ovkaW/s-l500.webp
1,Apple iPhone 12 Pro Max 5G - A2342 - Unlocked - Very Good,$349.99,"Sold  Oct 6, 2025",https://www.ebay.com/itm/267368745450,https://i.ebayimg.com/images/g/R9gAAeSwAzZon54n/s-l500.webp
1,Apple iPhone 12 Pro Max 128GB -Fully Unlocked - VERY GOOD Condition Unlocked,$345.95,"Sold  Oct 6, 2025",https://www.ebay.com/itm/357670121084,https://i.ebayimg.com/images/g/HaYAAeSwRido1uBS/s-l500.webp
1,Apple iPhone 12 Pro Max Unlocked (A2342) - Excellent Condition,$429.99,"Sold  Oct 6, 2025",https://www.ebay.com/itm/185271063225,https://i.ebayimg.com/images/g/BAwAAOSwXvdmu9HQ/s-l500.webp
1,Apple iPhone 13 Pro Max - 256GB - Graphite (Unlocked) - Very Good Condition,$489.99,"Sold  Oct 5, 2025",https://www.ebay.com/itm/306526887730,https://i.ebayimg.com/images/g/wDwAAeSwln9o1o-A/s-l500.webp
1,Apple iPhone 12 Pro MAX 128GB 256GB | Unlocked Verizon AT&T T-Mobile | Very Good,$374.98,"Sold  Oct 5, 2025",https://www.ebay.com/itm/175467022105,https://i.ebayimg.com/images/g/HMEAAOSwLMZhtmgL/s-l500.webp
1,Apple iPhone 12 Pro Max 128GB Unlocked - Excellent,$384.99,"Sold  Oct 5, 2025",https://www.ebay.com/itm/256275686462,https://i.ebayimg.com/images/g/RkIAAeSwTXdoseVV/s-l500.webp
1,Apple iPhone 13 Pro Max - 256GB - Sierra Blue (Unlocked) - Good Condition,$449.99,"Sold  Apr 2, 2025",https://www.ebay.com/itm/306159873465,https://i.ebayimg.com/images/g/X-cAAOSwpepnvtej/s-l500.webp
1,Apple iPhone 13 Pro Max - 512GB - Sierra Blue (Unlocked) - Very Good Condition,$499.99,"Sold  Mar 23, 2025",https://www.ebay.com/itm/305953641945,https://i.ebayimg.com/images/g/99EAAOSwQydnUB7f/s-l500.webp
1,Apple iPhone 12 Pro Max 256GB Unlocked Good Condition - All Colors,$369.99,"Sold  Oct 4, 2025",https://www.ebay.com/itm/296097588662,https://i.ebayimg.com/images/g/bF4AAOSwp2tlczHF/s-l500.webp
1,Apple iPhone 12 | 12 Pro | 12 Pro Max | 12 mini - Unlocked AT&T T-Mobile Verizon,$189.95,"Sold  Oct 4, 2025",https://www.ebay.com/itm/277322357246,https://i.ebayimg.com/images/g/5usAAeSwLbBom42E/s-l500.webp
1,Apple  iPhone 13 Pro Max 5G 256GB Factory Unlocked CDMA + GSM - EXCELLENT,$569.48,"Sold  Oct 4, 2025",https://www.ebay.com/itm/135248304451,https://i.ebayimg.com/images/g/RSAAAOSwvC1m5cBY/s-l500.webp
1,Apple iPhone 13 Pro  - Unlocked - Very Good Condition (1 Year Warranty),$359.53,"Sold  Dec 4, 2024",https://www.ebay.com/itm/156561325680,https://i.ebayimg.com/images/g/GSQAAOSw9dhlEaBV/s-l500.webp
1,Apple  iPhone 14 Pro Max 5G 1TB Factory Unlocked CDMA + GSM - EXCELLENT,$679.48,"Sold  Oct 4, 2025",https://www.ebay.com/itm/135625677839,https://i.ebayimg.com/images/g/tR8AAOSw7l5n1bGn/s-l500.webp
1,Apple iPhone 12 | 12 Pro | 12 Pro Max | 12 mini - Unlocked AT&T T-Mobile Verizon,$174.95,"Sold  Oct 3, 2025",https://www.ebay.com/itm/277322363705,https://i.ebayimg.com/images/g/5usAAeSwLbBom42E/s-l500.webp
1,Apple iPhone 12 Pro Max - 128 GB - Graphite (Unlocked) - Very Good Condition,$379.00,"Sold  Oct 3, 2025",https://www.ebay.com/itm/335927999483,https://i.ebayimg.com/images/g/cEYAAOSwHA9ni0pA/s-l500.webp
1,Apple iPhone 12 Pro Max - 128 GB - Gold (Unlocked) - Very Good Condition,$379.00,"Sold  Oct 3, 2025",https://www.ebay.com/itm/336087312079,https://i.ebayimg.com/images/g/V-gAAeSwCEhogdib/s-l500.webp
1,Apple iPhone 12 Pro Max  512GB Fully Unlocked - EXCELLENT Condition,$396.99,"Sold  Oct 3, 2025",https://www.ebay.com/itm/326774643629,https://i.ebayimg.com/images/g/q-4AAeSwH7Boi8DP/s-l500.webp
1,Apple iPhone 11 Pro Max 64GB 256GB 512GB GSM Unlocked AT&T Verizon Grade A,$285.99,"Sold  Oct 2, 2025",https://www.ebay.com/itm/294367438778,https://i.ebayimg.com/images/g/qNAAAOSwqfVfDwS7/s-l500.webp
1,"2020 Apple iPhone 12 Pro Max 512GB Unlocked 6.7"" - (Graphite) A2342 w/Warranty",$359.00,"Sold  Oct 2, 2025",https://www.ebay.com/itm/145689092356,https://i.ebayimg.com/images/g/VsIAAOSwzAxmAyMQ/s-l500.webp
1,Apple iPhone 12 Pro Max 128GB A2342 Unlocked AT&T T-Mobile Excellent Refurbished,$384.99,"Sold  Oct 2, 2025",https://www.ebay.com/itm/205346559104,https://i.ebayimg.com/images/g/15EAAOSwp3Jn0E6o/s-l500.webp
1,Apple iPhone 14 128GB Unlocked - Good,$299.95,"Sold  Oct 2, 2025",https://www.ebay.com/itm/405418548969,https://i.ebayimg.com/images/g/7lIAAOSwy4dkW9k4/s-l500.webp
1,Apple iPhone 13 Pro Max (5G) 512GB | 256GB | 128GB | GSM+CDMA Unlocked  GOOD,$429.88,"Sold  Mar 11, 2025",https://www.ebay.com/itm/296405883445,https://i.ebayimg.com/images/g/gWEAAOSwHypmM7NU/s-l500.webp
1,Apple iPhone 12 Pro Max - 256 GB - Gold (Unlocked) - Very Good Condition,$399.00,"Sold  Oct 1, 2025",https://www.ebay.com/itm/336044801783,https://i.ebayimg.com/images/g/A-cAAeSwgZxoZNHa/s-l500.webp
1,Apple iPhone 14 128GB 256GB Unlocked AT&T T-Mobile Verizon All Network Excellent,$335.00,"Sold  Sep 30, 2025",https://www.ebay.com/itm/335821227311,https://i.ebayimg.com/images/g/STQAAOSwp45ntlmu/s-l500.webp
1,Apple iPhone 12 Pro Max 512GB A2342 Unlocked AT&T T-Mobile Excellent Refurbished,$440.99,"Sold  Sep 30, 2025",https://www.ebay.com/itm/205346795558,https://i.ebayimg.com/images/g/N6oAAOSwFUJn0IBx/s-l500.webp
1,Apple iPhone 12 Pro Max - 128GB - Fully Unlocked (2020),$374.99,"Sold  Sep 30, 2025",https://www.ebay.com/itm/116476640730,https://i.ebayimg.com/images/g/ynEAAOSwwxNnrJHP/s-l500.webp
1,Apple iPhone 12 Pro Max 128GB GSM/CDMA Fully Unlocked - Pacific Blue - Very Good,$429.99,"Sold  Nov 4, 2024",https://www.ebay.com/itm/395372068181,https://i.ebayimg.com/images/g/XqIAAOSwJ-hmL6YC/s-l500.webp
1,"2020 Apple iPhone 12 Pro Max 512GB Unlocked 6.7"" - (Gold) A2342 w/Year Warranty",$371.78,"Sold  Sep 28, 2025",https://www.ebay.com/itm/357455620136,https://i.ebayimg.com/images/g/~jkAAeSwIkdonQKD/s-l500.webp
1,Apple iPhone 14 Pro Max 256GB Unlocked - Very Good,$551.95,"Sold  Sep 28, 2025",https://www.ebay.com/itm/404683624752,https://i.ebayimg.com/images/g/oSkAAOSwy4dkXPnn/s-l500.webp
1,Apple iPhone 12 Pro Max 512GB Unlocked Very Good Condition - All Colors,$419.99,"Sold  Sep 28, 2025",https://www.ebay.com/itm/296097591292,https://i.ebayimg.com/images/g/t3cAAOSw7QNlczGk/s-l500.webp
1,"Apple iPhone 12 Pro Max 128GB 6.7"", Pacific Blue",$359.99,"Sold  Sep 27, 2025",https://www.ebay.com/itm/388961069785,https://i.ebayimg.com/images/g/QHsAAeSwwwJoxL1-/s-l500.webp
1,Apple iPhone 13 Pro Max - 256GB - Alpine Green (Unlocked) - Excellent Condition,$509.99,"Sold  Mar 12, 2025",https://www.ebay.com/itm/306142389375,https://i.ebayimg.com/images/g/QwcAAOSwDGhnvIqJ/s-l500.webp
1,Apple iPhone 12 Pro Max - 128GB - Graphite (Unlocked) - Good Condition,$369.99,"Sold  Feb 28, 2025",https://www.ebay.com/itm/306142317789,https://i.ebayimg.com/images/g/arIAAOSwPmNnvYOa/s-l500.webp
1,Apple iPhone 14 Unlocked 128GB 256GB 512GB Very Good Condition iOS Smartphone,$368.62,"Sold  Sep 17, 2025",https://www.ebay.com/itm/267203043883,https://i.ebayimg.com/images/g/IasAAeSwEjNoh38T/s-l500.webp
1,Apple iPhone 12 Pro Max - Unlocked - Good Condition (1Year Warranty),$379.54,"Sold  Jul 24, 2024",https://www.ebay.com/itm/155051791606,https://i.ebayimg.com/images/g/1DAAAOSwtFJkvRXY/s-l500.webp
1,Apple iPhone 15 (5G) 512GB | 256GB | 128GB | GSM+CDMA Factory Unlocked Excellent,$484.88,"Sold  Sep 24, 2025",https://www.ebay.com/itm/297567917226,https://i.ebayimg.com/images/g/pbgAAeSwydtordSD/s-l500.webp
1,Apple iPhone 12 Pro Max 128GB 256GB 512GB Unlocked All Colors - Excellent,$379.99,"Sold  Sep 24, 2025",https://www.ebay.com/itm/146737885778,https://i.ebayimg.com/images/g/1yoAAeSwjURoiF7G/s-l500.webp
1,Google Pixel 6a - 128 GB - Black (Unlocked) Smartphone - Very Good,$144.95,"Sold  Sep 24, 2025",https://www.ebay.com/itm/186991205454,https://i.ebayimg.com/images/g/r6wAAOSwNu5nvi-z/s-l500.webp
1,Apple  iPhone 14 Pro Max 5G 256GB Factory Unlocked CDMA + GSM - EXCELLENT,$624.48,"Sold  Sep 23, 2025",https://www.ebay.com/itm/135625628027,https://i.ebayimg.com/images/g/tR8AAOSw7l5n1bGn/s-l500.webp
1,Apple iPhone 12 Pro Max A2342 Unlocked 256GB Silver Very Good,$449.99,"Sold  Sep 26, 2024",https://www.ebay.com/itm/186586481701,https://i.ebayimg.com/images/g/CcAAAOSwMtlmn-FB/s-l500.webp
1,Apple iPhone 12 Pro Max - 128 GB - Graphite - Unlocked - Good Refurbished,$294.95,"Sold  Sep 22, 2025",https://www.ebay.com/itm/127114341380,https://i.ebayimg.com/images/g/SPgAAOSwGgljL4ml/s-l500.webp
1,Apple iPhone 12 Pro Max 256GB A2342 Unlocked Smartphone - Good,$334.87,"Sold  Mar 10, 2025",https://www.ebay.com/itm/256791745602,https://i.ebayimg.com/images/g/6gEAAOSw7TtkFITU/s-l500.webp
1,Apple iPhone 12 Pro Max 128GB Unlocked - Excellent,$402.95,"Sold  Sep 22, 2025",https://www.ebay.com/itm/384501272640,https://i.ebayimg.com/images/g/ngcAAOSwy9RhkpBT/s-l500.webp
1,Apple iPhone 12 Pro Max 256GB 5G Graphite A2342 Unlocked,$379.99,"Sold  Sep 22, 2025",https://www.ebay.com/itm/306500265183,https://i.ebayimg.com/images/g/MiEAAeSwlUtoyIpz/s-l500.webp
1,Apple iPhone 12 Pro Max 256GB - Gold (Unlock)(B-Stock) Replaced Screen & Battery,$359.98,"Sold  Sep 21, 2025",https://www.ebay.com/itm/157276339442,https://i.ebayimg.com/images/g/jMgAAeSwWE9orzB5/s-l500.webp
1,"Apple iPhone 13 Pro Max 128GB Unlocked 6.7"" XDR OLED 12MP NFC GPS 5G 4G Graphite",$424.99,"Sold  Feb 23, 2025",https://www.ebay.com/itm/326454899472,https://i.ebayimg.com/images/g/tFcAAOSwROBly7PM/s-l500.webp
1,Apple iPhone 14 (5G) 512GB | 256GB | 128GB | GSM+CDMA Factory Unlocked Good,$299.88,"Sold  Sep 20, 2025",https://www.ebay.com/itm/297406359372,https://i.ebayimg.com/images/g/NNIAAOSwt9dnr41E/s-l500.webp
1,Apple iPhone 11 Pro Max 64GB 256GB 512GB Fully Unlocked *NO FACE ID* Grade B+,$199.99,"Sold  Sep 20, 2025",https://www.ebay.com/itm/286824149942,https://i.ebayimg.com/images/g/qNAAAOSwqfVfDwS7/s-l500.webp
1,Apple iPhone 12 Pro Max 512GB Unlocked Excellent Condition - All Colors,$459.99,"Sold  Sep 19, 2025",https://www.ebay.com/itm/296097590810,https://i.ebayimg.com/images/g/eiEAAOSwH~plczGs/s-l500.webp
1,Apple iPhone 12 Pro Max Blue 128GB Good - Refurbished  - Unlocked,$347.99,"Sold  Aug 20, 2025",https://www.ebay.com/itm/127320835233,https://i.ebayimg.com/images/g/m7EAAeSwX-RoqO6q/s-l500.webp
1,Apple iPhone 12 Pro Max - 512GB - Fully Unlocked (2020),$474.99,"Sold  Sep 18, 2025",https://www.ebay.com/itm/116454501397,https://i.ebayimg.com/images/g/3~UAAOSwOXBnkUyP/s-l500.webp
1,Apple iPhone 12 Pro Max 128GB Unlocked Blue Excellent Condition,$399.00,"Sold  Sep 17, 2025",https://www.ebay.com/itm/405751816704,https://i.ebayimg.com/images/g/ZjUAAOSwDn1n84T8/s-l500.webp
1,Apple iPhone 14 - Unlocked - Good Condition (1Year Warranty),$344.54,"Sold  Sep 17, 2025",https://www.ebay.com/itm/156135250075,https://i.ebayimg.com/images/g/B4EAAOSwtFJkvT1f/s-l500.webp
1,Apple iPhone 12 Pro Max - 128GB - Factory Unlocked - Excellent Condition,$389.99,"Sold  Sep 17, 2025",https://www.ebay.com/itm/124902566009,https://i.ebayimg.com/images/g/tXQAAOSwJvxhQfcB/s-l500.webp
1,Apple iPhone 12 Pro Max A14 Bionic Chip 256GB Factory Unlocked - Gold MG9H3LL/A,$359.00,"Sold  Sep 17, 2025",https://www.ebay.com/itm/306494561863,https://i.ebayimg.com/images/g/PAsAAeSwzmBow5sy/s-l500.webp
1,Apple iPhone 12 Pro Max Blue 256GB Very Good - Refurbished  - Unlocked,$379.99,"Sold  Jul 31, 2025",https://www.ebay.com/itm/127187182797,https://i.ebayimg.com/images/g/t~cAAeSwzRZor9AO/s-l500.webp
1,iPhone 12 Pro Max - Factory Unlocked - 128GB - Blue - Excellent,$365.00,"Sold  Sep 16, 2025",https://www.ebay.com/itm/285638049862,https://i.ebayimg.com/images/g/FiAAAOSw1dFllsyp/s-l500.webp
1,Apple iPhone 12 Pro Max - 256GB - Fully Unlocked - VERY GOOD Condition,$377.99,"Sold  Sep 16, 2025",https://www.ebay.com/itm/326344971243,https://i.ebayimg.com/images/g/NaMAAOSwaSFlezVR/s-l500.webp
1,Apple iPhone 12 Pro Max - 512 GB - Silver (Unlocked),$434.37,"Sold  Aug 11, 2025",https://www.ebay.com/itm/187417546441,https://i.ebayimg.com/images/g/gtsAAeSwM5Vod7HN/s-l500.webp
1,Apple iPhone 12 Pro Max 128GB Fully Unlocked Smartphone Good Condition,$339.99,"Sold  Sep 15, 2025",https://www.ebay.com/itm/297322166711,https://i.ebayimg.com/images/g/gLQAAOSwtYNf28h1/s-l500.webp
1,Apple  iPhone 12 Pro Max 5G 256GB Factory Unlocked / TMOBILE / XFINITY / METRO,$369.48,"Sold  Sep 15, 2025",https://www.ebay.com/itm/134899578425,https://i.ebayimg.com/images/g/lZcAAOSwnN1lq-fx/s-l500.webp
1,Apple iPhone 12 Pro Max 128GB Unlocked - Good,$359.99,"Sold  Sep 15, 2025",https://www.ebay.com/itm/256279536832,https://i.ebayimg.com/images/g/PyAAAeSw22loseWt/s-l500.webp
1,"Apple iPhone 13 Pro Max A15 Bionic chip Pro 12MP camera system: Telephoto, Wide",$409.95,"Sold  Sep 14, 2025",https://www.ebay.com/itm/296874806068,https://i.ebayimg.com/images/g/sAEAAOSws-tndE3~/s-l500.webp
1,Apple iPhone 14 128GB Midnight Black (Unlocked) 5G A2649 Smartphone - Very Good,$319.00,"Sold  Sep 13, 2025",https://www.ebay.com/itm/335625157761,https://i.ebayimg.com/images/g/HmMAAOSwuq9ldJkk/s-l500.webp
1,Apple iPhone 12 Pro Max - 256 GB - Pacific Blue  - Unlocked - Good Refurbished,$359.99,"Sold  Sep 13, 2025",https://www.ebay.com/itm/127201865439,https://i.ebayimg.com/images/g/SWUAAOSwVkFjv3u2/s-l500.webp
1,Apple iPhone 12 Pro Max 128GB Unlocked - Very Good,$364.99,"Sold  Sep 12, 2025",https://www.ebay.com/itm/255757897204,https://i.ebayimg.com/images/g/eRcAAeSwC6Jok8tv/s-l500.webp
1,iPhone 12 Pro Max - Factory Unlocked - 128GB - Gray - Good,$329.00,"Sold  Sep 12, 2025",https://www.ebay.com/itm/284534215665,https://i.ebayimg.com/images/g/6vIAAOSwW6Jhlsy7/s-l500.webp
1,Apple iPhone 12 Pro Max 128GB Graphite Fully Unlocked Smartphone - Excellent,$384.00,"Sold  Sep 11, 2025",https://www.ebay.com/itm/226690221584,https://i.ebayimg.com/images/g/m9gAAOSwlv1nO60p/s-l500.webp
1,Apple iPhone 12 Pro Max A14 256GB iOS Factory Unlocked - Pacific Blue MG9J3LL/A,$399.00,"Sold  Sep 11, 2025",https://www.ebay.com/itm/336168122388,https://i.ebayimg.com/images/g/jYoAAeSw7NxovwLQ/s-l500.webp
1,Apple iPhone 12 Pro Max - 128 GB - Silver - Unlocked - Good Refurbished,$294.95,"Sold  Sep 11, 2025",https://www.ebay.com/itm/127114342002,https://i.ebayimg.com/images/g/9wwAAOSwOgdoJjGW/s-l500.webp
1,Apple iPhone 12 Pro Max 256GB Silver MG933LL/A Unlocked Clean ESN Good (JF),$399.95,"Sold  Sep 10, 2025",https://www.ebay.com/itm/197627759894,https://i.ebayimg.com/images/g/RdQAAeSwGI5oo2JA/s-l500.webp
1,Apple iPhone 12 Pro Max 128GB A2342 Unlocked AT&T T-Mobile Very Good Refurbished,$370.99,"Sold  Sep 9, 2025",https://www.ebay.com/itm/205346570359,https://i.ebayimg.com/images/g/15EAAOSwp3Jn0E6o/s-l500.webp
1,Apple iPhone 12 Pro Max 128GB A2342 Unlocked AT&T T-Mobile Good Refurbished,$351.99,"Sold  Sep 9, 2025",https://www.ebay.com/itm/356655486134,https://i.ebayimg.com/images/g/15EAAOSwp3Jn0E6o/s-l500.webp
1,Apple iPhone 12 Pro Max - 256 GB - Graphite (Unlocked) - Very Good Condition,$399.00,"Sold  Sep 9, 2025",https://www.ebay.com/itm/336114005517,https://i.ebayimg.com/images/g/QXIAAeSwRqFolabZ/s-l500.webp
1,Apple iPhone 12 Pro Max A14 256GB iOS Factory Unlocked - Graphite MG9F3LL/A 2020,$349.00,"Sold  Sep 9, 2025",https://www.ebay.com/itm/388944182308,https://i.ebayimg.com/images/g/440AAeSwKCxovyMo/s-l500.webp
1,Apple iPhone 12 Pro Max 128GB GSM/CDMA Fully Unlocked - Pacific Blue - Good,$331.27,"Sold  Sep 9, 2025",https://www.ebay.com/itm/255815758386,https://i.ebayimg.com/images/g/zcsAAOSwUUxjaUp8/s-l500.webp
1,Apple iPhone 14 Pro 128GB Unlocked - Good,$431.95,"Sold  Sep 7, 2025",https://www.ebay.com/itm/365344962861,https://i.ebayimg.com/images/g/ss0AAOSwoZVkXRSV/s-l500.webp
1,Apple iPhone 12 Pro Max Pacific Blue 128GB Unlocked - Excellent w/ Burn In,$329.99,"Sold  Sep 6, 2025",https://www.ebay.com/itm/286751302353,https://i.ebayimg.com/images/g/fQQAAeSwG75ok1Ti/s-l500.webp
1,Apple iPhone 12 Pro Max 256GB Unlocked - Very Good,$369.99,"Sold  Sep 6, 2025",https://www.ebay.com/itm/256278309444,https://i.ebayimg.com/images/g/fF0AAeSwUupok8s4/s-l500.webp
1,Apple iPhone 13 Pro Max - 256GB - Graphite (Unlocked) - Good Condition,$469.99,"Sold  Sep 6, 2025",https://www.ebay.com/itm/306481599682,https://i.ebayimg.com/images/g/NxwAAeSwUOFotssH/s-l500.webp
1,Apple iPhone 12 Pro Max Smartphone A2342 128GB Unlocked Very Good,$389.00,"Sold  Sep 5, 2025",https://www.ebay.com/itm/226084317178,https://i.ebayimg.com/images/g/d6UAAOSwqRZmKXe8/s-l500.webp
1,Apple iPhone 12 Pro Max 512GB|256GB|128GB| GSM+CDMA Factory Unlocked - GOOD,$344.88,"Sold  Sep 5, 2025",https://www.ebay.com/itm/364023327183,https://i.ebayimg.com/images/g/U68AAOSw5PVi2HAN/s-l500.webp
1,"2020 Apple iPhone 12 Pro Max 128GB Unlocked 6.7"" (Silver) A2342 - w/Warranty",$447.00,"Sold  Sep 5, 2025",https://www.ebay.com/itm/376529804307,https://i.ebayimg.com/images/g/WAcAAeSw3YdouxW-/s-l500.webp
1,Apple iPhone 14 Plus (5G) 512GB | 256GB | 128GB | GSM+CDMA Unlocked Excellent,$369.88,"Sold  Sep 4, 2025",https://www.ebay.com/itm/297265675946,https://i.ebayimg.com/images/g/kpAAAOSwzSBoD~mg/s-l500.webp
1,Google Pixel 6a - Unlocked - 128GB - Black - Good,$116.00,"Sold  Sep 4, 2025",https://www.ebay.com/itm/285025749205,https://i.ebayimg.com/images/g/8J4AAOSw6lVjSasN/s-l500.webp
1,Apple iPhone 14 256GB Unlocked - Good,$337.95,"Sold  Sep 4, 2025",https://www.ebay.com/itm/405512682973,https://i.ebayimg.com/images/g/7lIAAOSwy4dkW9k4/s-l500.webp
1,Apple iPhone 13 Pro Max - 1TB - Alpine Green (Unlocked) - Very Good Condition,$579.99,"Sold  Sep 4, 2025",https://www.ebay.com/itm/306481598041,https://i.ebayimg.com/images/g/BrcAAeSwUFJoqBHc/s-l500.webp
1,Apple iPhone 12 Pro Max 512GB|256GB|128GB| GSM+CDMA Factory Unlocked - Excellent,$389.88,"Sold  Sep 4, 2025",https://www.ebay.com/itm/295104217725,https://i.ebayimg.com/images/g/U68AAOSw5PVi2HAN/s-l500.webp
1,Apple iPhone 12 Pro Max - 128 GB - Gold (Unlocked) - Excellent Condition,$389.00,"Sold  Sep 3, 2025",https://www.ebay.com/itm/336155372509,https://i.ebayimg.com/images/g/x-EAAeSw2rtotUZx/s-l500.webp
1,"Apple iPhone 12 Pro Max 128GB Unlocked 6.7"" (Graphite) A2342 - w/1 Year Warranty",$348.83,"Sold  Sep 3, 2025",https://www.ebay.com/itm/376107426597,https://i.ebayimg.com/images/g/-oMAAOSwxxtn5u5J/s-l500.webp
1,Apple iPhone 14 Pro Max 256GB Unlocked - Good,$532.95,"Sold  Aug 31, 2025",https://www.ebay.com/itm/405015262637,https://i.ebayimg.com/images/g/oSkAAOSwy4dkXPnn/s-l500.webp
1,Apple iPhone 12 Pro Max 256GB Unlocked - Good,$399.95,"Sold  Aug 30, 2025",https://www.ebay.com/itm/365372615354,https://i.ebayimg.com/images/g/ngcAAOSwy9RhkpBT/s-l500.webp
1,Apple iPhone 11 Pro Max 64GB 256GB 512GB Factory Unlocked Good Grade,$275.99,"Sold  Aug 29, 2025",https://www.ebay.com/itm/297422545963,https://i.ebayimg.com/images/g/qNAAAOSwqfVfDwS7/s-l500.webp
1,Apple iPhone 12 Pro Max A2342 128GB 256GB Unlocked ~ Very Good Condition ~Colors,$359.99,"Sold  Aug 28, 2025",https://www.ebay.com/itm/326450481288,https://i.ebayimg.com/images/g/7q8AAOSwDw5l12w1/s-l500.webp
1,Apple iPhone 12 Pro Max 128GB Fully Unlocked Smartphone 90%+ battery - Excellent,$384.00,"Sold  Aug 28, 2025",https://www.ebay.com/itm/226405694526,https://i.ebayimg.com/images/g/ZgcAAOSwteVnEUxh/s-l500.webp
1,Apple iPhone 12 Pro Max - 128GB - AT&T Locked - Excellent Condition,$409.00,"Sold  Aug 28, 2025",https://www.ebay.com/itm/116345151687,https://i.ebayimg.com/images/g/tXQAAOSwJvxhQfcB/s-l500.webp
1,Apple iPhone 12 Pro Max Smartphone A2342 128GB Unlocked Excellent,$399.00,"Sold  Aug 28, 2025",https://www.ebay.com/itm/226582340820,https://i.ebayimg.com/images/g/P8gAAeSwdPtnopnf/s-l500.webp
1,Apple iPhone 14 Pro 128GB Unlocked - Very Good,$445.95,"Sold  Aug 26, 2025",https://www.ebay.com/itm/387811135635,https://i.ebayimg.com/images/g/ss0AAOSwoZVkXRSV/s-l500.webp
1,Apple iPhone 12 Pro Max - 128GB - Factory Unlocked - Very Good Condition,$369.00,"Sold  Aug 24, 2025",https://www.ebay.com/itm/124902566060,https://i.ebayimg.com/images/g/tXQAAOSwJvxhQfcB/s-l500.webp
1,Apple iPhone 14 Pro Max 512GB Unlocked - Good,$571.95,"Sold  Aug 24, 2025",https://www.ebay.com/itm/405512719168,https://i.ebayimg.com/images/g/oSkAAOSwy4dkXPnn/s-l500.webp
1,iPhone 12 Pro Max 128GB - Unlocked - Good Condition - Graphite *No Face ID*,$259.99,"Sold  Aug 21, 2025",https://www.ebay.com/itm/406143353997,https://i.ebayimg.com/images/g/EZkAAeSwWUhob~XL/s-l500.webp
1,Apple iPhone 12 Pro 128 256 512GB Factory Unlocked Good,$276.98,"Sold  Aug 20, 2025",https://www.ebay.com/itm/235917221668,https://i.ebayimg.com/images/g/u00AAOSwvGdniX2l/s-l500.webp
1,Apple iPhone 13 Pro 256GB Unlocked & Carrier Locked Very Good,$420.65,"Sold  Aug 7, 2025",https://www.ebay.com/itm/187164290026,https://i.ebayimg.com/images/g/7PAAAeSwZVJocTFJ/s-l500.webp
1,Apple iPhone 12 Pro Max 128GB Unlocked & Carrier Locked Excellent,$365.85,"Sold  Aug 1, 2025",https://www.ebay.com/itm/187380406283,https://i.ebayimg.com/images/g/Z2UAAeSwAdlocTFW/s-l500.webp
1,Apple iPhone 13 Pro 256 GB Unlocked Silver Non-US MLVF3B/A Very Good,$425.85,"Sold  Aug 14, 2025",https://www.ebay.com/itm/388660086231,https://i.ebayimg.com/images/g/k34AAeSwFXdocTFQ/s-l500.webp
1,Apple iPhone 12 Pro Max - 256 GB - Gold - Unlocked - Good Refurbished,$294.95,"Sold  Aug 20, 2025",https://www.ebay.com/itm/127114342463,https://i.ebayimg.com/images/g/PUwAAOSwRX1jvtnG/s-l500.webp
1,Apple iPhone 12 Pro Max Unlocked (A2342) - Very Good Condition,$449.99,"Sold  Aug 20, 2025",https://www.ebay.com/itm/164982325194,https://i.ebayimg.com/images/g/FgIAAOSwwhZmu9HV/s-l500.webp
1,Apple iPhone 12 Pro Max - 128GB 256GB 512GB - All Colors - Excellent Condition,$365.00,"Sold  Aug 19, 2025",https://www.ebay.com/itm/275292149694,https://i.ebayimg.com/images/g/8l0AAOSwvPxiawq7/s-l500.webp
1,iPhone 12 Pro Max 256gb Pacific Blue Unlocked - Great- NO FACE ID- Read,$279.99,"Sold  Aug 16, 2025",https://www.ebay.com/itm/406124432594,https://i.ebayimg.com/images/g/fLQAAeSwU29omiKo/s-l500.webp
1,Apple iPhone 12 Pro Max - 128 GB - Pacific Blue (Unlocked) - Excellent Condition,$432.22,"Sold  Aug 15, 2025",https://www.ebay.com/itm/335928009263,https://i.ebayimg.com/images/g/T4AAAOSw8m5niKsB/s-l500.webp
1,iPhone 12 Pro Max 128gb Graphite Unlocked - Great,$279.99,"Sold  Aug 15, 2025",https://www.ebay.com/itm/406124486347,https://i.ebayimg.com/images/g/AtQAAeSwNXZomjBq/s-l500.webp
1,Apple iPhone 12 Pro Max 256GB A2342 Unlocked AT&T T-Mobile Excellent Refurbished,$412.99,"Sold  Aug 13, 2025",https://www.ebay.com/itm/187035620816,https://i.ebayimg.com/images/g/IQIAAOSwSeBn0bhx/s-l500.webp
1,Apple iPhone 12 Pro Max 128GB Fully Unlocked 90%+ battery - Very Good,$394.00,"Sold  Aug 13, 2025",https://www.ebay.com/itm/226405756779,https://i.ebayimg.com/images/g/TTcAAOSwbGRnEVjH/s-l500.webp
1,Apple iPhone 12 Pro Max  / 128GB / Network Unlocked / Very Good Condition,$349.00,"Sold  Aug 12, 2025",https://www.ebay.com/itm/167370718723,https://i.ebayimg.com/images/g/xNcAAOSweVhn0NPq/s-l500.webp
1,Apple iPhone 12 Pro A2341 - 128GB Unlocked All Colors ~ Excellent Condition!,$299.99,"Sold  Aug 11, 2025",https://www.ebay.com/itm/226617830397,https://i.ebayimg.com/images/g/7q8AAOSwDw5l12w1/s-l500.webp
1,iPhone 12 Pro Max Pacific Blue 256GB Unlocked - NO FACE ID,$299.99,"Sold  Aug 11, 2025",https://www.ebay.com/itm/405923186831,https://i.ebayimg.com/images/g/98MAAeSw0uVoP33h/s-l500.webp
1,Apple iPhone 13 Pro Max - 512GB - Gold (Unlocked) - Very Good Condition,$549.99,"Sold  Aug 8, 2025",https://www.ebay.com/itm/306435092376,https://i.ebayimg.com/images/g/RFUAAeSwtLtoikBZ/s-l500.webp
1,Apple iPhone 14 Pro 256GB Unlocked - Very Good,$487.95,"Sold  Aug 8, 2025",https://www.ebay.com/itm/404764179192,https://i.ebayimg.com/images/g/ss0AAOSwoZVkXRSV/s-l500.webp
1,Apple iPhone 12 Pro Max - 128GB Blue GSM Unlocked AT&T and T-Mobile - Good,$349.99,"Sold  Aug 8, 2025",https://www.ebay.com/itm/167562430374,https://i.ebayimg.com/images/g/aQkAAOSw6N5oQItY/s-l500.webp
1,Apple iPhone 12 Pro Max - 256 GB - Pacific Blue (Unlocked) - Very Good Condition,$399.00,"Sold  Aug 5, 2025",https://www.ebay.com/itm/336087330589,https://i.ebayimg.com/images/g/ewsAAeSwuHlogdqO/s-l500.webp
1,Apple iPhone 14 128GB Yellow (Unlocked) 5G A2649 Smartphone 100% BH,$339.99,"Sold  Aug 4, 2025",https://www.ebay.com/itm/236240814582,https://i.ebayimg.com/images/g/SN8AAOSw5VFny3lz/s-l500.webp
1,Apple iPhone 12 Pro Max 128GB 256GB Fully Unlocked Very Good Condition,$355.99,"Sold  Aug 4, 2025",https://www.ebay.com/itm/277123246655,https://i.ebayimg.com/images/g/gLQAAOSwtYNf28h1/s-l500.webp
1,Apple iPhone 12 Pro Max A2342 128GB 256GB Unlocked ~ Excellent Condition ~Colors,$389.99,"Sold  Aug 2, 2025",https://www.ebay.com/itm/226609803013,https://i.ebayimg.com/images/g/7q8AAOSwDw5l12w1/s-l500.webp
1,Apple iPhone 12 Pro Max - 256 GB - Pacific Blue  - Unlocked - Excellent Refurbis,$392.99,"Sold  Aug 1, 2025",https://www.ebay.com/itm/127225294553,https://i.ebayimg.com/images/g/SWUAAOSwVkFjv3u2/s-l500.webp
1,iPhone 12 Pro Max - Factory Unlocked - 256GB - Blue - Good,$355.00,"Sold  Jul 29, 2025",https://www.ebay.com/itm/275002551118,https://i.ebayimg.com/images/g/Rv8AAOSwROlheGfn/s-l500.webp
1,Apple iPhone 12 Pro Max - 128 GB - Pacific Blue (Unlocked) - Very Good Condition,$379.00,"Sold  Jul 28, 2025",https://www.ebay.com/itm/335928014890,https://i.ebayimg.com/images/g/AUUAAOSwAU5oCfnY/s-l500.webp
1,Apple iPhone 12 Pro Max 128GB A2342 5G Unlocked - Very Good,$359.99,"Sold  Jul 27, 2025",https://www.ebay.com/itm/276057431065,https://i.ebayimg.com/images/g/WFkAAOSwVlBlBJsI/s-l500.webp
1,Apple iPhone 12 Pro Max (Unlocked) 128GB 256GB 512GB Blue Gold Gray Silver,$374.97,"Sold  Jul 25, 2025",https://www.ebay.com/itm/225871744290,https://i.ebayimg.com/images/g/owcAAOSw7oJiAZHB/s-l500.webp
1,Apple iPhone 12 Pro  - Choose Carrier - Good Condition (1Year Warranty),$239.54,"Sold  Jul 25, 2025",https://www.ebay.com/itm/167553347815,https://i.ebayimg.com/images/g/oyAAAOSwFXZiZw5x/s-l500.webp
1,Apple iPhone 12 Pro Max Super Retina XDR display  6.7‑inch (diagonal) OLED,$398.50,"Sold  Jul 24, 2025",https://www.ebay.com/itm/296876997948,https://i.ebayimg.com/images/g/iu4AAOSwMe9ndFBQ/s-l500.webp
1,Apple iPhone 12 Pro Max - 256GB - Graphite (Unlocked) - Very Good Condition,$379.99,"Sold  Jul 24, 2025",https://www.ebay.com/itm/306410130280,https://i.ebayimg.com/images/g/MZQAAOSwwj1nh7bE/s-l500.webp
1,Apple iPhone 14 (eSIM) - AT&T Only - Very Good Condition (1Year Warranty),$299.53,"Sold  Jul 24, 2025",https://www.ebay.com/itm/156383438887,https://i.ebayimg.com/images/g/B4EAAOSwtFJkvT1f/s-l500.webp
1,Apple iPhone 12 Pro Max - 256GB - Pacific Blue (Unlocked) - Good Condition,$359.99,"Sold  Jul 23, 2025",https://www.ebay.com/itm/306396652382,https://i.ebayimg.com/images/g/~ScAAeSwghJodPmA/s-l500.webp
